index,DD_original_shape_SurfaceArea,DD_original_glrlm_RunLengthNonUniformity,DD_log-sigma-3-0-mm-3D_glrlm_LowGrayLevelRunEmphasis,DD_log-sigma-3-0-mm-3D_glszm_SmallAreaEmphasis,DD_log-sigma-4-0-mm-3D_glszm_SmallAreaEmphasis,DD_wavelet-LLH_glszm_GrayLevelNonUniformity,DD_wavelet-LHL_glszm_GrayLevelNonUniformityNormalized,DD_lbp-3D-m1_firstorder_Mean,DD_logarithm_glszm_SmallAreaLowGrayLevelEmphasis
HN-CHUM-001,0.4654113515382837,-0.1667272262564722,4.100322783708019,-1.8205855837343663,-1.5284809260290189,0.7076397889226532,0.7523246625738407,0.6239937521632227,-1.000847124535337
HN-CHUM-002,0.5593717417233943,-0.0796067595427745,-0.5543603849652642,0.1549737010307366,0.1837060094023394,1.1268212295513562,-0.4088610015533451,0.9640189423328064,1.432503074038879
HN-CHUM-003,0.7333005870066591,-0.0820335983546235,-0.5270300349113957,0.4760088646642516,0.5856939054942133,1.2122442143135137,0.0099217327157327,-1.488913700990921,-0.2036329239683144
HN-CHUM-005,-0.987434674428554,-0.9210483956546894,0.4641725081858628,-0.3856460414546528,-0.0640157955630861,-0.4552952657344848,0.818199124866187,3.285638116564742,0.7511920754891477
HN-CHUM-013,-1.040607010639769,-0.989270383764712,0.1384276271080958,0.1530375414652566,-0.6651557009868388,-0.5236810261640041,0.0940815061453407,-1.1779488088320076,1.1850695535876072
HN-CHUM-017,1.4574266771477329,0.3785677280550915,-0.5396586509057081,-0.15861645380974,-0.2312283691029136,0.7200849916478782,-0.9260166450357772,0.2512985234136239,0.4968411967292907
HN-CHUM-018,0.1615238162046441,-0.3306002706611818,-0.8049718287823329,0.3923129553512418,-0.0084268107311927,-0.2794992620216444,-0.4005998175252691,-0.3885764073762878,3.2374749805717142
HN-CHUM-020,5.787438884797003,1.4798197555314472,-0.9821915227417348,1.9527526815936156,1.247938399023914,3.8867314119028977,-0.8093392568367058,-0.6633910489485788,-0.7448691394982326
HN-CHUM-021,0.7126955162786219,-0.0065449959673537,0.797639616096898,0.1660339009367198,-0.5913546975938712,0.3869254842105323,0.5618136590474302,1.072363163435182,-1.0309537503076809
HN-CHUM-025,0.50620330481057,-0.1769577647888634,-0.7859229685998586,1.0695571552712868,0.3255940153322944,1.6381638254141744,-0.2373798010768424,-0.2881630880909753,1.452434069257256
HN-CHUM-026,1.7460586360473198,0.4424432416437413,-0.8106910429208878,0.5717077868673697,0.7766792221074003,4.112004921500336,0.2014280827854777,1.366819491354871,-0.305671617211472
HN-CHUM-030,0.6821602736950628,-0.6656144165112863,0.3568282947869063,1.225632815201407,0.4163943431951417,-0.230562560522977,-1.194174937794711,0.1199106602749385,0.7142817581127178
HN-CHUM-031,-0.6108774808708017,-0.7078640678441943,-0.6676243173529123,0.8266329144792306,2.027909074174548,-0.2216020145608149,0.3616100518254792,0.6164538231202074,0.9055224035395594
HN-CHUM-032,0.851817822148234,-0.1216989429086479,0.9670836711095516,0.834026952757816,0.4366225819445521,0.5062416157886352,0.655821234607573,0.2810692089483555,1.1738794992876664
HN-CHUM-033,0.957739113973508,-0.0392463476733669,-0.1791214318389548,-0.0589648122013272,0.0848729261383754,0.5533947006009247,0.4363151949463928,0.4358554259811291,-0.006182652704542
HN-CHUM-035,2.0784395511604847,0.5993230747180752,-0.5409450922839819,0.0059210464887535,0.6700985941646542,2.256850820703028,0.5367731809105647,0.5165125314137146,-0.3832403457319057
HN-CHUM-040,-0.8200114300348215,-0.7877792054097633,1.2821053888574483,-1.191403542173869,1.3504489456869369,-0.2340472172860401,-0.7776123306106728,0.4347738464878133,-1.0290695106098495
HN-CHUM-051,-0.3538555857900159,-0.5054825405421521,0.657861807409332,0.5114459625413227,0.7670165470727993,1.085144271587812,1.2409667850890649,0.4292405034446928,0.1634523486250051
HN-CHUM-052,1.323957145249712,0.2787221834008874,-0.2552117589929263,0.2223013711442593,0.002648856733349,2.570164046125052,-0.4793857097713476,-1.389894933158511,-0.7921989143700403
HN-CHUM-054,-0.962583232886514,-0.8434260534063897,-0.5606465027621059,0.1836856432185363,0.5442675524755555,-0.4347261112302935,-1.4266971509172932,1.179543110245215,-0.6280689653343424
HN-CHUM-061,-0.2186926452512346,-0.3707378640468231,-0.3511186413565474,-1.208897215644639,-1.153516002987722,1.4299375929915872,-0.0141247061976033,-0.446292216493026,-0.0826282482839008
HN-CHUM-063,1.4466911263356237,0.2560823094700388,0.8821712978765431,-1.1884320280945733,-1.0963737417282473,0.8082385109515553,-0.3681834787350375,-0.0219654432904677,0.3201275452851805
HN-CHUM-064,1.981885552914315,0.7362861647764314,-0.9431624944508262,0.5194208109788258,0.1626405956107347,1.411208582988707,-0.960704132415118,-0.2596765805032519,0.0094246785530627
HN-CHUM-065,1.606322501908941,0.566155577350125,-0.8296945944432317,0.8655604145858341,1.243332406080118,3.448631444006652,-1.443814485375641,0.3442588790465354,0.4849035675109417
HN-CHUS-025,0.5150339413096332,0.6400948675495124,-0.984525911507096,2.871654808466059,2.2023130667004187,0.2235662504887881,-2.5040454439372377,-0.1252275047378536,-0.9443400566062194
HN-CHUS-028,-0.7764015817200529,-0.8950138773660544,0.8522514844642877,-2.246228790969861,-1.272045267123718,-0.5986916571351331,1.2409667850890649,-1.38297238734254,1.541660662890601
HN-CHUS-029,-0.8977290748359228,-0.9258500905927318,0.9147070359630154,-2.008510638674568,-2.0523788114676216,-0.7105206930517979,0.3616100518254792,-0.026091297847795,-0.8640176527618019
HN-CHUS-030,-0.6637905695704764,-0.7505099936463009,1.126571157662887,-1.1619751915009326,-1.009071452455955,-0.6991866691413251,1.7694263603676617,-0.6898007167741113,-0.9340435128319636
HN-CHUS-031,-0.6414071825603347,-0.7567473981873604,0.980835255889758,-2.225252255294536,-1.1904034618178103,-0.7709688205743194,0.8651733093353958,-0.2801040718716246,-0.951728165566202
HN-CHUS-032,-0.0278481884561678,-0.6528837716100474,4.6992412105347805,0.4031314216973696,-0.4305796342825799,-0.7105206930517979,0.818199124866187,-0.1423443090900693,1.0499310996335516
HN-CHUS-033,-0.9452238495306868,-0.786670046195732,-0.0372155956491585,-1.9287919215897475,-1.0581272557418653,-0.9107551154701504,2.187966343988311,1.033258908483917,-0.6495176759451201
HN-CHUS-034,-0.6675960399437453,-0.9847974705032384,5.353469402370507,0.3974725350406089,1.1394063593069783,-0.7961555403753701,0.818199124866187,-0.0968342978787055,-1.0040094683278131
HN-CHUS-035,0.2994306002245202,1.16426678402575,-0.0967066266029018,-0.5041900841072107,-0.5729112375706187,-0.0212646048376807,-0.8728715160253234,0.7014151254460799,0.2809007070576668
HN-CHUS-036,-0.614517081035074,-0.3915740278127378,-0.0592125833533795,-0.3804631159599348,-0.482323269264344,-0.8506504432176433,-0.608641728386025,0.1349257233671125,-0.6437663699803586
HN-CHUS-037,-0.8083083036524921,-0.8242984419232308,0.5996223375583594,-0.4048820331812799,-1.0686234880163672,-0.6668637120633102,1.2409667850890649,0.5707296998572785,-0.8640274916633842
HN-CHUS-038,0.1501824958886881,0.6910751137169306,-0.0671904348711897,-0.8287425169098015,-1.5755771866732056,-0.417095407369558,-0.8803122268452462,0.4827880084984735,-0.2288504845943495
HN-CHUS-039,1.0415795402551349,1.8303175906599245,-1.0560151113342673,1.9979116936896508,1.96929814619926,0.8167273683659835,-1.6217831626479515,0.1342462436157823,-0.3305367777022229
HN-CHUS-040,-0.498249265052202,-0.6061478078052495,0.556456352465499,1.1190546871441922,0.1360647318427747,-0.8616410118581016,-0.5339585983259925,0.9820525888767316,-0.3712535827364306
HN-CHUS-042,-0.9323934836677228,-0.8164096579460829,0.8675798773461059,-1.0526868156529925,1.02682403841463,-0.873730637362606,2.187966343988311,1.259579340064931,0.29976728256203
HN-CHUS-043,0.741243138329276,0.4624596389124327,-0.1994430842310213,0.347908130797099,-0.9009010427948576,-0.5023104760297794,1.4583444856195429,0.2247125753677834,-0.3746344458227297
HN-CHUS-044,-0.526983514617841,-0.3738781860024709,-0.4835335933004271,-0.2126177165672552,0.0522045339303259,-0.6198485017680156,-0.748528086548007,0.135228641581562,-0.8732119614985872
HN-CHUS-045,1.863268928678283,3.1102285869656137,-0.8138755125430737,0.2313689535444488,1.1128407670657887,0.2345625314830096,-0.3708349195106563,-0.2905852749726918,-0.0791399359755947
HN-CHUS-046,-0.9483142375924256,-0.9330643089176652,1.9140622502687488,-0.157264535115096,-0.944008347980033,-0.9372011712612536,1.7694263603676617,-0.8502440098525874,2.0030053208574348
HN-CHUS-047,-0.5928959011725367,-0.4238813899881284,-0.6815021488125387,-0.8102282310184478,-0.4192651724625421,-0.6198485017680156,-0.8464485372613937,0.1861885187052927,-0.748828310759798
HN-CHUS-048,-0.5616585256960246,-0.4372606183274401,-0.1525889071911827,0.5555283090112058,-0.6542299860787416,-0.5457995455529268,-0.9677785417896428,0.8853147580008996,-0.1772827722946044
HN-CHUS-049,-0.2474589206585573,-0.4864269056052596,-0.9562689279860862,0.3735730289145608,0.7267118415717116,-0.6198485017680156,-0.8720723333027851,0.953961455363366,-0.2564830055582787
HN-CHUS-050,-0.992495335367712,-0.9026824146977908,2.0844503426162047,-2.256866596060552,-1.6809927559127626,-0.6668637120633102,-0.0273361955795682,0.0501643039619446,-0.5398964850118123
HN-CHUS-051,-0.7203992682254198,-0.4861769089806905,-0.1294756090813252,-0.6078418099421162,-1.0934501446573204,-0.7318553262950408,-0.8728715160253234,0.755840892211938,-0.0771672946208874
HN-CHUS-052,1.5438447501999608,1.6614699657259235,-0.8690208399713598,-0.2852340651519305,1.209027273951628,-0.0327460632055252,-0.6377609294728049,0.5858962763856992,0.0441085788433367
HN-CHUS-053,-0.2250535035063285,0.1351389734422477,-0.6600932899461018,-0.5000591845908647,-1.122622758203056,-0.4818690802492165,-0.8559608096164082,0.161708579587862,-0.5279469238058316
HN-CHUS-054,-0.2069496059085681,-0.1415347703460346,-0.2170895024374238,0.8729512985118733,0.0638090848653396,-0.6621621910337807,-0.9419665075852958,0.0156510281067282,0.1693064441254382
HN-CHUS-055,-0.5092189084766509,-0.3630552343470974,-0.0391109234996034,0.9987822606308018,-1.4211598831173522,-0.873730637362606,0.3014830957048915,-0.2791154174951099,-0.3423061957194667
HN-CHUS-056,0.6675438824892961,2.0923637875934045,-0.4956387256382785,-0.5288983629261338,-0.2570005334490492,0.3838715691873418,-0.6798621751638935,0.3063458560027053,-0.0187580963595907
HN-CHUS-057,-0.2541603456205135,-0.2641925396516435,-0.2968264868244699,-0.043982785838289,0.898023390892738,-0.2949398163344625,-0.0442469019884838,1.6314979376858716,0.1598414638532257
HN-CHUS-059,0.127202019569554,0.3021108661892527,-0.6796369914756312,-0.3132340096785413,0.0039453226759452,0.0668210170185226,-0.909406992834708,-0.1777145071560572,-0.5743844118326784
HN-CHUS-060,-0.2263068906154052,0.1024139773634699,-0.1728372255822285,-0.1514972790073586,0.0808561126045143,-0.3251638800957232,-0.579522527299245,1.104602302522366,-0.8709134544981398
HN-CHUS-061,0.179823732109426,-0.1138128247024252,-0.4972311239316729,-0.1475638110407625,0.9518039934786708,-0.3064137664660522,-0.4200848503428336,0.1802532507626721,-0.6859402861481274
HN-CHUS-062,0.1811962216907117,0.0081769313424745,-0.714893614564331,0.3289380799143374,0.2331376495578683,-0.4536161510810815,-1.014967202031556,-0.034459093312766,-0.3904470998839545
HN-CHUS-063,-0.8334604655448354,-0.7748313982439381,-0.098744588112495,-0.3096969168031308,0.4173299612751879,-0.7467895695653108,-0.7348249330954048,0.8833449444110931,-0.5176042123983317
HN-CHUS-064,-1.0633178705977782,-0.9296029278908922,1.427746330655823,-2.1509673948936,-0.6213648006882642,-0.8843090596790473,-0.450103855802446,-1.0324121851895065,-0.5338647854423644
HN-CHUS-065,0.1904211127166215,0.119188170068078,-0.2972353972512995,-0.5719527265576724,-0.6897738215190824,-0.359456567824846,-0.3798863897446675,0.8691369068285979,-0.3171524366514873
HN-CHUS-066,-0.3630526825617141,-0.3013164488410618,-1.023252015471959,1.457922967030558,1.8855865050132743,-0.2707605653254538,-1.4309248275195223,0.4867962147618206,-0.6568443978784837
HN-CHUS-067,-0.850823594962728,-0.6027424157870813,-0.2901110845094398,-1.09723172870498,-1.307841496386034,-0.5525312688452075,-1.0462062567167034,0.4139030103306688,0.3493334593440744
HN-CHUS-068,-0.3918992525052807,-0.5278568910833495,-0.2511215177854756,-0.3730770447362257,-0.0725473966175956,-0.1861331867939237,-0.3138398992016837,0.5332397098682883,-0.4125879935709247
HN-CHUS-069,-0.7728009027502596,-0.7001260932469563,0.7241203037875211,-0.3970187585555724,-0.5575719863954848,-0.4336682689986493,-0.1499138012063196,1.620424784948107,-0.8401127703569515
HN-CHUS-070,-1.2353541136212811,-1.0534340203596495,0.4843291050820171,1.50171186805966,-0.2707543121449722,-0.873730637362606,1.2409667850890649,0.1977065559868039,-0.7640883070274314
HN-CHUS-071,-0.9500237332840094,-0.8218894103514356,0.6823373266213615,-0.5141839909597853,-0.653353139050587,-0.7467895695653108,1.2409667850890649,2.173428226511497,-0.9977519388381996
HN-CHUS-072,-1.0153725554478703,-0.8717564178755215,-0.1610507702223746,-0.8964360896269774,-0.9542617294437578,-0.952313203141884,-0.8728715160253234,0.6299061015279266,-0.5601136536592799
HN-CHUS-073,-0.8990535697099934,-0.7734577194183458,-0.3644865690655416,-0.8988992932290426,-0.0404657065296478,-0.7500444687396004,-0.450103855802446,2.2142747295159664,0.0839985906159767
HN-CHUS-074,-0.7882579588900412,-0.2179712113858674,-0.7372825098759362,-0.1450494715301714,-0.4310439192328149,-0.7029646771114827,-0.9785634310810428,1.3141807509815633,-0.9976400783740212
HN-CHUS-075,-1.1020652246956175,-1.0185618111674386,-0.5613823225131177,0.0986954881667114,1.3166031703409915,-0.831416948096841,1.8046569987195684,-2.6345845419035854,-1.0268547009309543
HN-CHUS-076,-0.2680265989195304,0.2039249337094847,0.2551491839752686,-0.6653150380571313,0.6719525624600405,-0.3377572399962485,-0.8703699322370226,-0.5608371515004366,-0.3374215830120609
HN-CHUS-077,0.2215294787382498,0.8868570362489537,-1.0459329954726853,1.4923174568045403,2.167434889518659,0.1049693236177747,-1.574361345591816,0.145494243427799,-0.6967718037008227
HN-CHUS-078,-0.1204831294151604,0.1291248712815093,-0.976569448526012,1.4634690922305695,1.845284373552872,-0.1181290433310871,-0.5843665531889177,0.9010056636494372,-0.7637942392534481
HN-CHUS-080,-0.4342306447678421,-0.0945102122402305,-0.4522230473673686,-0.2910123360148406,-1.9187295585229744,-0.6595175854546704,-0.7037644519361725,-0.7423576271921016,-0.2549781301998751
HN-CHUS-081,0.3815493239757515,1.5255335116124746,-0.6965909822785783,-0.2127257658557822,-0.6461761220774818,0.0886597836122365,-0.4031296713332372,-0.128536057504638,-0.6548739229944737
HN-CHUS-082,0.0187559910145995,1.8450650629021963,-0.7909085837126588,-0.8931581503532646,-0.2952422380955818,-0.1516970460616788,-0.5025130698796624,-0.4053469449695928,-0.4819408536875855
HN-CHUS-083,-0.1542413192611555,0.4279781315827744,-0.4820792365797979,-0.6035655415361508,-0.1449346317623962,-0.2024296752273603,-0.4200848503428336,0.3733827611265433,-0.7636849195870588
HN-CHUS-084,-1.0434390867304553,-0.813735264723694,-0.8414544416000121,0.9712620009546818,2.0566471608202894,-0.8549245532444881,-1.1437070483556044,0.7821402995301469,-0.9103660308045
HN-CHUS-085,-0.6149002483947006,-0.4075323695333273,-0.8383220504946663,-1.1333699916993625,0.8530590082084657,-0.5228796305339707,-0.8559608096164082,0.7274152965259564,0.188964364307435
HN-CHUS-086,0.1870863715965261,0.5006216387368042,-0.1257242368899698,0.8857880856220216,0.3583250491824586,-0.2444851292491319,-0.7869968350425515,0.3058970160238195,-0.2736631130467259
HN-CHUS-087,0.584761938617097,2.805963461190026,-0.7230328302425045,0.0117253543644032,0.8415653149756791,0.4262399273022874,-0.6027699553273739,0.4822360140084795,-0.8180117239404403
HN-CHUS-088,0.0630733958062122,0.3353662502520581,-1.0165065496038048,1.5821646723114695,1.2031720548006315,0.0941950045917698,-1.9302699949954687,0.6405191555778141,-0.6868413232356444
HN-CHUS-089,-0.3395705968201901,-0.5000818639973046,-0.2706277532359287,1.3899853893524927,0.4432446724050018,-0.5576224881418905,0.3904282970667072,0.980537714364778,-0.6061831353473789
HN-CHUS-090,-0.6938845874381171,-0.5307129481166504,0.0753325297313414,-1.1595657754588884,0.4839859088763143,-0.6945197181193657,-0.2471753788954647,-0.2409936474670415,-0.8526424471632137
HN-CHUS-091,-0.9772804208252308,-0.9735159344861076,3.627744182673466,-1.9764494721550356,0.4374194180013795,-0.9724625789827246,0.818199124866187,2.021816197641328,-0.8406013951340217
HN-CHUS-092,-0.4266804787333876,-0.3379058502798434,-0.1705483095493329,0.6190435255440302,-0.7837567364289821,-0.3187703281462258,-0.9065173851780096,1.1843836168215258,-0.6961234488528962
HN-CHUS-093,-0.6316162632773451,-0.4457249937264326,-0.8167969077087139,-0.044802341017818,0.3556999196315818,-0.5468938651029035,-1.5305100985942446,0.8900925474731001,0.464593495980059
HN-CHUS-094,-0.783032939625027,-0.486054006680738,0.1231801319664378,0.3760193976332348,0.2404778555039504,-0.8137862442361056,-0.7855228258966299,0.9817247174948692,-0.6613429813107506
HN-CHUS-095,-1.0282846078605354,-0.9091544546049172,0.0062900529611257,-1.0406327411070395,0.0853721656907006,-0.7737164627344341,-0.3465689186050065,-0.8959629996433963,-0.8405150077562203
HN-CHUS-096,-0.6340574295696524,-0.5453602778672964,-0.1909259115825205,0.1047463208246104,0.7814050330354633,-0.3998173175860373,-0.450103855802446,0.7835810584212886,-0.5994213639235068
HN-CHUS-097,-0.188415083147774,-0.0133908239872715,0.7140668943967017,-0.9100870221194765,0.3421157491087518,-0.608713320382288,-0.2689177157069272,0.8663924592890982,-0.1748973050571725
HN-CHUS-098,2.564625122619508,3.8844865222687934,-1.0190440787532666,0.8051802957749902,0.5096211653535208,1.2406618048793645,-1.4585341441055062,0.605562346287629,-0.7587254367485213
HN-CHUS-099,-0.4046192217840224,-0.6552012450057628,-0.7832452021755167,1.126876577406834,-0.301949950124796,-0.6954086611711675,-0.5339585983259925,1.0558908732549364,0.1798872679074827
HN-CHUS-100,2.046971446833358,4.327440367227973,-1.027359064892646,0.5577789602622376,0.8909738912625713,0.9268606252766975,-1.0754998028777087,0.2156400537199693,-0.3476564300494696
HN-CHUS-101,-0.3120462875717733,-0.1941721118801322,-0.7686480910914049,0.2595051411421095,2.181365085203486,-0.6486987444492189,-0.5135190048358774,0.5580111510599175,1.1233898522603594
HN-CHUS-102,-0.7951701743753179,-0.7968715890924822,0.5128038903286423,1.078936514793896,1.370503802468993,-0.831416948096841,-0.5339585983259925,1.4781647626877588,1.1516414575635765
HN-HGJ-001,-0.8890391221737948,-0.7628388536649214,-0.8212529360886262,-0.0689696081898894,-0.794949350998308,-0.5541893287694147,0.3014830957048915,-0.890380696633405,2.169233832712178
HN-HGJ-002,0.2339922482108867,0.2628283651883444,-0.11595586581983,-0.2044907214374157,-0.3208760146017714,-0.4082800554391903,0.3616100518254792,-1.5569200192287491,2.682806357643744
HN-HGJ-007,1.472745886082142,2.048891798324284,-0.1997450028739176,-0.9790587331121056,-0.6440566030695881,1.2038715055864584,0.5209406137719762,0.0354566866159635,-0.2051423431671985
HN-HGJ-009,0.5145965922947071,0.5743730219443715,0.1358381575403773,0.6839571585001031,0.6854699556056226,0.357854166872768,1.724129825343782,-0.6226291499476037,0.1842754898761794
HN-HGJ-010,-0.9178933560863152,-0.8778419560398832,0.157471280617446,-1.3070244833993874,-1.1115319573989544,-0.5669563901858093,0.818199124866187,-0.7774680592477047,-0.8304297211217999
HN-HGJ-012,-1.0346714030423914,-0.9016591225945008,0.7163892390760472,0.091311812295498,-1.7083029093251691,-0.7520787807235315,1.2409667850890649,-1.6645327678835498,2.993522002207191
HN-HGJ-013,-0.6848835629673542,-0.8274743278549378,-0.4505590297994689,-0.81911696143107,0.1113635460593522,-0.5246427009200442,0.7238625395271973,-1.353388041355178,2.079744132134397
HN-HGJ-018,0.6282491275583397,0.6761156489576129,-0.3919193376436989,-0.5714722112188363,-0.5342378679102006,1.1194668306826427,1.1225918402266593,-1.4877769890627517,1.1576602975355104
HN-HGJ-020,-1.073055909300166,-0.984363005036412,1.028983920164333,-0.2190110705158114,0.2892832799979583,-0.5896244380067549,-0.0273361955795682,-2.366042092389112,1.1960869348033631
HN-HGJ-022,-0.4749406867909103,-0.3680755966481681,-0.0656926429672528,-0.0810986742943892,-0.1951306269208721,-0.3197165197666588,-0.1330281106352876,-1.367894011720521,-0.7321364750074095
HN-HGJ-028,-0.3222371162806679,-0.51996510120475,-0.435468695682035,0.0592842331135058,-2.1165341435909557,0.0320110355694459,0.3465161981712408,-0.809698064778987,0.1024962455448492
HN-HGJ-029,-0.4062464019316207,-0.249486866817982,-0.6787190597008755,-0.0016871157988838,-0.1138792992625238,-0.1187653394102715,0.8651733093353958,-0.2303230727591382,0.0123836845747625
HN-HGJ-035,-0.1382869011403218,-0.0238500106094413,-0.4759450046231597,-0.7471164094827423,-1.0430658573492322,0.2060821637079756,0.8351098312751022,-2.213741099713696,0.7602454250208089
HN-HGJ-036,0.8098072159389583,1.1022634343276314,0.0393808172575136,0.2400560729879523,-0.6861342267727885,0.9891164727820636,2.2763161570634587,-0.8936782264531896,-0.2464241245450343
HN-HGJ-040,2.443339877830565,1.1296781863698175,-0.1039000416851091,-0.3774872053518727,-1.09356874213192,1.6807015942347452,1.0816969740355706,-0.6154473480222268,0.0597821943661736
HN-HGJ-042,-0.5417417594045446,-0.7129991553737863,-0.2690502689834952,0.7277186857518582,-1.44579588508069,0.4285906878170521,0.6605993462032204,-1.286407239421011,0.4229348131917556
HN-HGJ-044,-0.4004799837895159,-0.4814989851829239,0.3726745938593729,-1.3202873548980856,-0.2563711992909587,0.666716374555922,0.0519327407122214,-1.241756932071701,0.2040225360012625
HN-HGJ-045,-0.4630831567325586,-0.3229252055232235,0.1748979907296144,-0.6179636906838994,-0.8095975736647996,0.0351999570577703,-0.2471753788954647,-0.0793471665571011,-0.7556539962619256
HN-HGJ-050,0.8145062084210757,0.8341974416214171,-0.0796657904828434,-0.8818035790850234,-0.1215925441343672,1.3392203583937046,1.2409667850890649,-0.2182280518484574,0.2958118458790151
HN-HGJ-051,1.5825611048618378,0.7920148063703136,0.2030957273420065,-0.4606483641559741,-1.0399569502977235,1.600667173665151,1.9925537365964028,-1.578764827900331,-0.687081392248095
HN-HGJ-052,-0.1808806980913234,0.0122103555937927,-0.5290260281114441,-0.4878664932733933,-0.4843909798203434,-0.2155176932284827,2.3059316869653794,-2.5648624044126445,3.1120635132722927
HN-HGJ-053,-0.1195513179360495,-0.4185337811312256,-0.4705106840240329,-1.266476104709351,-0.5692046439876861,-0.1220403927590149,0.818199124866187,-1.1253239311432328,2.3756697987799384
HN-HGJ-059,0.1411153008231875,-0.0337844488180422,-1.0257110247645729,0.9599591662752108,1.416306221445328,1.0697400696132329,0.61205621616247,-1.734270362605573,-0.485312868806053
HN-HGJ-060,0.5567299728871109,2.165297109098129,-0.5848929788335804,-0.3908401326399075,-0.6758508421041286,0.5719870792177002,-0.8811172323734721,-0.361184015267642,-0.769286005926624
HN-HGJ-061,-0.7500852676178241,-0.4425048089693296,0.109949414422641,-0.6897565220011236,0.5317627178186259,-0.2655943590778895,-0.4200848503428336,-2.569484070167725,0.1162308877178829
HN-HGJ-062,0.0294735237663242,0.6653473364756114,-0.5001630153998731,0.3071778509714226,0.8979057050596055,0.536908847640237,-0.1924798128541298,-0.2870035701338314,0.225695797964351
HN-HGJ-067,-0.7437965724643641,-0.5524597154278743,0.0160701548326527,-1.2436363716336742,-0.97088165722098,-0.4317876605868376,2.187966343988311,-1.9455048557046632,1.04055442641872
HN-HGJ-070,-0.293584081419328,-0.0926267537757842,-0.9689868933503184,-0.0337546327467424,-0.0132650720979634,0.4676133123621464,-0.0359641070126883,-1.2678026250300098,0.1900616487935147
HN-HGJ-072,0.1420756714631948,1.5538746668153296,-0.3070807857135924,-0.9136001424852014,-0.9121380659696006,0.7877293248278435,-0.0523640410647626,-0.8377248980789442,0.7236160439792018
HN-HGJ-073,1.1850315665777649,1.857044960071826,-0.3664059486547229,-0.3584931677524418,-0.708312340623798,1.7256693096904006,1.4035697313286326,-0.7738750216986494,0.0807838382518681
HN-HGJ-075,0.710573237123435,0.6681508585763669,-0.9781385238947188,0.9243835636260456,0.5096208290805784,1.6545122962668566,0.3484572801741007,-1.938015813595516,-0.5674978851976482
HN-HGJ-076,-0.123012157201696,0.4727212791110139,-0.7872219400961483,-0.3720800739649574,-0.6236386155588306,0.4843648961947576,0.104778698240081,-1.2765145069421284,-0.6144676735610707
HN-HGJ-077,-0.0716420991007805,0.3121125889039612,-0.8125031780768311,-0.6166944839775147,-0.7822410006710552,0.5182438302077343,1.4583444856195429,-2.425186287308735,-0.0284919765771986
HN-HGJ-078,-0.6089434006425006,-0.7872220445788928,-0.3946538366034969,-0.2678330254128875,-0.0545400583819865,0.0299688690990906,0.818199124866187,-0.4179753073055929,1.3234214003395313
HN-HGJ-080,0.1373619122837523,0.7321234355346912,-0.3369208145784205,-0.2273982713659535,-0.074903218393164,0.4870530797494618,-0.2471753788954647,-0.5770494551307421,-0.6156534499236109
HN-HGJ-085,0.6935602623781197,1.5186008625199714,-0.6168686033950531,0.1070583008642301,-0.1478256421553942,1.0957792630075498,-0.2471753788954647,-0.8835564534070669,-0.6422245394612011
HN-HGJ-086,-0.9519212857990632,-0.6669565726489549,-0.6076977223807322,-0.7052136165686543,-0.4446606961778353,-0.5969762373000346,-0.4081764845406734,-3.030614599890613,0.9656759252165358
HN-HMR-001,0.2982470600557148,0.4883105854569798,-0.5049975265333104,-0.0491694340927451,-0.2333083604374104,-0.1473456383003055,-0.8720723333027851,0.1016846039972214,-0.3756977950576511
HN-HMR-002,1.6540112467425954,0.748109207316591,0.6622380414325373,0.5473625415842714,0.6429367208577644,-0.006842490610137,-0.9511618234740046,0.5432875980281037,0.269646935673937
HN-HMR-003,-0.163057594632602,0.2796500217444382,-0.0820721765215395,0.9832131468673232,0.5496380467134926,-0.2649594950228892,-0.7803129158581852,0.1929145193165619,-0.2920069004243014
HN-HMR-004,-0.3176241700994701,-0.4325529715043545,-0.1496530843457073,-0.6913688883890192,0.0130006251137827,-0.6954086611711675,0.8651733093353958,0.0400556403492601,1.3670637889459545
HN-HMR-005,1.821032538384703,0.5769201279740904,-0.7683106712273494,0.5192530009958772,-0.5494713206031359,-0.4759819582644143,0.6197571619044276,-0.1542954746960686,1.5155336064624958
HN-HMR-006,-0.4616464508247669,-0.2507319206453287,0.1320563632353173,-0.2836619875504599,-0.3921431685263467,-0.6106498736667623,-0.2622071179256119,-0.2596448152009315,-0.9024037927201398
HN-HMR-007,-0.9054590604152226,-0.7510376927453308,1.0825863242624878,-0.4106415309368261,-1.29443896108872,-0.5584254044467437,1.2409667850890649,0.4050470349624375,-0.6615887033978096
HN-HMR-008,-0.7476281740567161,-0.8040658268478889,-0.0984918345625793,0.119060864626056,-1.1935316683225012,-0.9019397635397828,0.0949519706006028,-0.3001115203908382,2.176036154816063
HN-HMR-009,-0.700536358907956,-0.7322263003638859,1.325642718115145,-0.719349497684151,-0.3729324663322141,-0.9372011712612536,2.05268069271699,-0.3560746105010726,-0.9594378890304144
HN-HMR-010,-0.7854899094101305,-0.8000342561555339,0.6766106940682749,1.7440123851060314,-0.6222459836919616,-0.9372011712612536,0.818199124866187,-0.4151117838267031,0.9328715391818504
HN-HMR-011,2.4730287249677345,-0.7876196639048177,3.4232354585881537,1.347486557601112,-0.2312390027129741,3.915882049351713,0.8216930724713349,0.8088910232804676,-0.944709651318934
HN-HMR-012,-0.7538674504633986,-0.7350876161342821,0.8329535351345808,0.7711715929220553,-1.0390221795271608,-0.6945197181193657,1.5170599509489031,1.087373032762505,-0.9216766348797256
HN-HMR-013,-0.6859210033425358,-0.6928941358923033,0.7769771565457501,-0.5336386434004708,0.7050237730747608,-0.7124096970368767,-0.5557957708581654,0.7997112178160423,-0.153222421547155
HN-HMR-014,-0.4195106611100814,-0.3640136647518748,-0.7083146418022327,2.207583450955968,1.261609436535636,-0.4422821271706086,-2.2529808200586845,-0.6167618024134088,-0.5340278501898906
HN-HMR-015,-0.6523635562715913,-0.8214036578720258,0.604127725728138,-0.9732899445005456,0.5033696263753958,-0.7608941326538993,1.2409667850890649,1.1213912271491413,-0.845446767071562
HN-HMR-016,1.225435850692432,1.2278754243560015,-0.2014640703218488,0.5713014191958253,0.6686008703385735,0.1482369446866327,-0.3613226471556418,0.3839769646630953,0.4825007921064848
HN-HMR-017,-1.0888508609032117,-0.9387301630530226,-0.8230701623559213,1.5619529498816198,3.025082796341212,-0.7737164627344341,2.958460404744505,-1.2862544847458048,1.1430572203624163
HN-HMR-018,-0.2713748118017834,-0.5931416361170527,0.5239069891436842,1.6170216021022217,0.4398966559380756,-0.4964335747428675,0.1202572479301931,0.5808687782501839,5.490787743649689
HN-HMR-019,-0.6387206742799607,-0.8060020244558778,-0.4953622273031114,-1.1525754319346029,-0.4696340561778711,-0.2794992620216444,0.3616100518254792,-0.4543087575091705,0.0510160724038163
HN-HMR-020,-0.6272561837752032,-0.7694939424328615,0.5591864118508336,3.232998832395648,0.8008917467404588,-0.831416948096841,2.187966343988311,0.507441897667243,-0.0301882726507441
HN-HMR-021,-0.6724696922537134,-0.853294497337917,0.501114565383483,0.8102464745816749,0.0299996592029806,-0.6198485017680156,1.2409667850890649,1.1399167449298695,-0.3783045020026168
HN-HMR-022,-0.4675296907429297,-0.3184812569225491,-0.9848425599994264,2.2354948843262066,3.13479468319798,-0.2289068074647515,-0.5557957708581654,0.9724766680501984,-0.4775284821056347
HN-HMR-023,0.6298006453566891,-0.0543187894371636,0.8783425966981091,0.4048066013043671,-0.6339817555035051,-0.6330715296635672,0.104778698240081,-0.0063766676289818,0.9082243423846
HN-HMR-024,0.1260121928166156,0.0404618900606782,0.7187038794347226,-0.0356099296500753,0.7864273777752565,-0.6775489871304226,-0.942930156862258,0.4089484352282831,-0.6101511185873558
HN-HMR-025,-0.0225572924032771,-0.6437374810826872,0.4798369256990104,0.5258380016889279,-0.000481938455372,-0.7844017378015464,0.818199124866187,0.6472823268248623,-0.520549278802194
HN-HMR-026,0.3907099313275661,1.0995330942219317,-0.9544384827890358,0.4531042588673824,0.986293514703556,0.538575450261946,-0.9135973000988646,0.8554345625645627,-0.800267554975411
HN-HMR-027,0.7904998137413265,0.8925459579465489,-0.5513095449216748,0.1590039455258202,0.8272236551538733,0.3775456023535894,-1.0578516683069188,0.2491890965907093,-0.7232332249476415
HN-HMR-028,1.4374808432579829,1.7852364561527527,-0.233480061244429,-0.1533642476556927,-0.2752708601947022,0.5120426860911997,-0.806264039761638,0.4603343046091341,-0.7071605757438463
HN-HMR-029,-0.5359845393589714,-0.5346126258707266,0.6888133908085051,-0.4011517243858583,-0.0382060810729882,-0.6621621910337807,-0.5491900261671828,0.5897381379243255,-0.783404034217165
HN-HMR-030,-0.3740947057654042,-0.5441568347962418,0.8093726174826964,-0.4148969965521447,1.2325384713951189,-0.6322937044932406,-0.1330281106352876,1.3161537218311326,-0.709235288807134
HN-HMR-031,-0.1260489652344427,-0.2755154544019091,-1.0496113780204943,3.1662814224911773,2.348701315141048,0.414913535731148,-0.9604269486158604,0.5148554877654262,1.7570286959619907
HN-HMR-032,1.643511011338304,0.5481585953307035,-0.9175927660867722,0.8057488890040183,0.6652109863770566,-0.1901000951625892,-0.4459624583145486,0.5435724089894657,-0.2296679079062794
HN-HMR-033,-0.074884159463257,-0.5867698335738429,0.6139670396602371,0.7489747572891814,-0.787749320446358,-0.9019397635397828,1.0208274117185725,0.6100065260355504,-0.3227786896264353
HN-HMR-034,-0.7633148685388886,-0.774349471944055,1.82565263097276,-1.91518358726804,-1.1655473078443002,-0.7326850064767224,-0.8464485372613937,-0.535614769779833,-0.6244255867284871
HN-HMR-035,-0.6036452188268869,-0.1796710880993347,-0.0404789405070217,-0.6831793611660459,-1.4062830251768963,-0.4082800554391903,-0.3708349195106563,0.1148786683934468,-0.7821878766684989
HN-HMR-036,-1.0743875856427785,-0.8830943582875281,0.2523390657937142,-0.4276549906766135,-1.072019315267054,-0.672740613350222,-0.9604269486158604,-0.6172761771205098,-0.6867859767532003
HN-HMR-037,0.5671265852387984,0.5803813431113176,-0.1068180780137132,-0.733552480414744,-0.5141863893351309,1.8560741268909404,-0.3465689186050065,-0.0787956618382546,1.806027816151961
HN-HMR-038,-0.9870712015005207,-0.9895704914754476,0.8982663175051523,-0.3069822908150479,-2.03000999866611,-0.8843090596790473,0.818199124866187,-0.0662079787606036,-0.8928877881198635
HN-HMR-039,3.6096813742881024,4.64206281745982,-1.0424103339474209,1.9050866693568205,2.011406509893795,4.355657718792635,-1.0903684962374922,0.2279066033325863,-0.5107902780111013
HN-HMR-040,-0.0773509561361115,-0.0889462848803923,1.0407703752531392,-0.2677781086403648,-0.4389136033259955,-0.2075612730246636,-0.125166728523705,0.4084104760615863,0.5554555262232165
HN-HMR-041,-0.6063598457643712,-0.7745602692005281,-0.8895470241570672,0.4883553888908374,0.04640889616272,-0.2601821430090125,0.818199124866187,0.1770065398840845,0.3879681701520281
